Experiment,Chains,Epitope Residues
1acy_optmaven,P,"P:  316, 319, 320, 321, 322, 323, 324"
1ce1_optmaven,P,"P:  0, 1, 2, 3, 4, 5, 6, 7"
1cft_optmaven,C,"C:  1, 2, 3, 4, 5"
1dzb_optmaven,X,"X:  20, 21, 23, 62, 63, 73, 75, 96, 97, 98, 100, 101, 102, 103, 104, 106, 112, 116"
1egj_optmaven,A,"A:  362, 363, 364, 365, 366, 367, 395, 416, 417, 418, 419, 421"
1f90_optmaven,E,"E:  1, 2, 3, 4, 5, 6, 7, 8"
1fpt_optmaven,P,"P:  96, 97, 98, 99, 100, 101, 102, 103"
1hh6_optmaven,C,"C:  2, 3, 4, 5, 6, 7, 8, 9, 10, 11"
1i8i_optmaven,C,"C:  502, 503, 505, 506, 507, 508, 509"
1jhl_optmaven,A,"A:  21, 22, 23, 102, 103, 104, 106, 111, 112, 113, 116, 117, 118, 119, 121"
1jrh_optmaven,I,"I:  47, 49, 50, 51, 52, 53, 54, 55, 56, 76, 78, 79, 80, 82, 84, 98, 99"
1kc5_optmaven,P,"P:  1, 2, 3, 4, 5, 6, 7"
1kiq_optmaven,C,"C:  18, 19, 22, 23, 24, 25, 27, 102, 103, 116, 117, 118, 119, 120, 121, 124, 125"
1mlc_optmaven,E,"E:  41, 43, 45, 46, 47, 48, 49, 50, 51, 53, 66, 67, 68, 70, 79, 81, 84"
1n64_optmaven,P,"P:  26, 29, 30, 31, 32, 33, 34, 35, 36, 37, 38"
1nak_optmaven,P,"P:  313, 314, 315, 316, 319, 320, 321, 322"
1nsn_optmaven,S,"S:  57, 60, 61, 64, 68, 70, 93, 95, 96, 97, 98, 105, 106, 120, 121, 123, 124, 127"
1nsn_optmaven_1_interaction,S,
1nsn_optmaven_2_interaction,S,
1obe_optmaven,P,"P:  1, 2, 3, 4, 5, 6, 7, 8, 9, 10, 11, 12"
1ors_optmaven,C,"C:  111, 112, 113, 114, 115, 116, 117, 119, 120, 123"
1pz5_optmaven,C,"C:  1, 2, 3, 4, 5, 6, 7, 8"
1qnz_optmaven,P,"P:  233, 234, 235, 236, 237, 238, 239, 240, 241, 242, 243, 244, 245, 248"
1sm3_optmaven,P,"P:  2, 3, 4, 5, 6, 7, 8, 9, 10"
1tqb_optmaven,A,"A:  127, 128, 158, 159, 185, 188, 189, 190, 191, 192, 193, 194, 195, 196, 197, 198, 199"
1v7m_optmaven,V,"V:  57, 58, 61, 68, 71, 75, 98, 101, 102, 105, 106, 109, 110, 111, 112, 113, 114"
1xgy_optmaven,P,"P:  1, 2, 3, 4, 5, 6"
1za3_optmaven,R,"R:  25, 26, 27, 34, 36, 37, 38, 53, 54, 56, 57, 58, 59, 61, 62"
2a6i_optmaven,P,"P:  3, 4, 5, 6, 7, 8, 9, 10"
2bdn_optmaven,A,"A:  28, 30, 31, 32, 34, 37, 38, 39, 40, 41, 55, 56, 61, 64, 65, 68, 69"
2dqj_optmaven,Y,"Y:  14, 15, 16, 19, 20, 21, 62, 63, 73, 74, 75, 77, 93, 96, 97, 98, 100, 101, 102, 103"
2fjh_optmaven,V,"V:  16, 17, 18, 19, 21, 22, 23, 25, 61, 66, 101, 104"
2h1p_optmaven,P,"P:  602, 603, 604, 605, 606, 608, 609, 610, 611, 612"
2hh0_optmaven,P,"P:  2, 3, 4, 5, 6, 7, 8, 9, 10"
2hrp_optmaven,P,"P:  36, 37, 38, 39, 40, 41, 42, 43, 44, 45"
2iff_optmaven,Y,"Y:  41, 43, 45, 46, 47, 48, 49, 51, 53, 67, 68, 69, 70, 81, 84"
2igf_optmaven,P,"P:  70, 71, 72, 73, 74, 75"
2igf_optmaven_1_interaction,P,
2igf_optmaven_2_interaction,P,
2jel_optmaven,P,"P:  1, 2, 3, 4, 34, 36, 41, 64, 66, 67, 68, 70, 71, 72, 75, 76"
2or9_optmaven,P,"P:  1, 2, 3, 4, 5, 6, 7, 8, 9, 10"
2qhr_optmaven,P,"P:  405, 406, 407, 408, 409, 410, 411, 412, 413, 414"
2qhr_optmaven_1_interaction,P,
2qhr_optmaven_2_interaction,P,
2r0w_optmaven,Q,"Q:  3, 4, 5, 6, 7, 8"
2r0w_optmaven_1_interaction,Q,
2r0w_optmaven_2_interaction,Q,
2r29_optmaven,A,"A:  306, 307, 308, 309, 310, 311, 312, 325, 362, 363, 364, 387, 388, 389, 390, 391"
2vxq_optmaven,A,"A:  32, 34, 39, 40, 41, 43, 67, 68, 69, 74, 75, 76, 77, 78, 79, 80"
2vxq_optmaven_1_interaction,A,
2vxq_optmaven_2_interaction,A,
2zuq_optmaven,A,"A:  95, 96, 97, 98, 99, 100, 101, 132, 133, 134, 141"
2zuq_optmaven_1_interaction,A,
2zuq_optmaven_2_interaction,A,
3ab0_optmaven,A,"A:  102, 104, 113, 119, 120, 121, 122, 123, 125, 154, 156, 157, 158, 186, 188, 190, 192"
3bdy_optmaven,V,"V:  48, 81, 83, 84, 85, 86, 87, 88, 89, 90, 91, 92, 93"
3bky_optmaven,P,"P:  169, 170, 171, 172, 173, 174, 175"
3bky_optmaven_1_interaction,P,
3bky_optmaven_2_interaction,P,
3cvh_optmaven,C,"C:  4, 5, 6, 7, 8"
3d85_optmaven,C,"C:  82, 86, 87, 88, 91, 92, 93, 94, 95, 106, 110, 133, 134, 135, 136, 137, 139, 140"
3e8u_optmaven,P,"P:  4, 5, 6, 7, 8, 9, 10, 11, 13"
3etb_optmaven,J,"J:  649, 651, 652, 653, 654, 655, 657, 680, 681, 682, 683, 684, 685, 686, 687, 716, 718"
3f58_optmaven,P,"P:  315, 316, 319, 320, 321, 322, 323, 324, 10, 11"
3ffd_optmaven,P,"P:  16, 17, 19, 20, 21, 23, 24, 26, 27, 28, 30, 31"
3ffd_optmaven_1_interaction,P,
3ffd_optmaven_2_interaction,P,
3g5v_optmaven,C,"C:  288, 289, 293, 296, 297, 298, 299, 300, 301, 302"
3g5v_optmaven_1_interaction,C,
3g5v_optmaven_2_interaction,C,
3g5v_optmaven_verify_08OCT2017,C,"C:  288, 289, 293, 296, 297, 298, 299, 300, 301, 302"
3g6d_optmaven,A,"A:  5, 6, 14, 18, 19, 21, 22, 23, 24, 97, 100, 101, 104, 105, 107, 108, 109"
3ghb_optmaven,P,"P:  306, 307, 308, 309, 312, 313, 314, 315"
3ghe_optmaven,P,"P:  304, 305, 306, 307, 308, 309, 312, 313, 314, 315, 316"
3hr5_optmaven,R,"R:  7, 8, 9, 10, 11, 12, 13, 14, 15"
3ks0_optmaven,B,"B:  30, 63, 64, 65, 66, 67, 68, 69, 70, 72, 74"
3l5w_optmaven,I,"I:  14, 15, 101, 104, 105, 107, 108, 109"
3l5w_optmaven_1_interaction,I,
3l5w_optmaven_2_interaction,I,
3lqa_optmaven,C,"C:  75, 76, 78, 79, 80, 81, 82, 93, 94"
3mls_optmaven,P,"P- 3, P- 5, P- 6, P- 10, P- 11, P- 12, P- 13, P- 14, P- 15, P- 16, P- 17, P- 18"
3mls_optmaven_1_interaction,P,
3mls_optmaven_2_interaction,P,
3mlx_optmaven,P,"P:  305, 306, 307, 308, 309, 312, 313, 314, 315, 316, 317, 318, 319"
3nfp_optmaven,I,"I:  1, 2, 3, 4, 5, 6, 25, 27, 43, 45, 116, 118, 120, 149, 152, 153, 154, 155"
3p30_optmaven,A,"A:  640, 643, 647, 650, 651, 653, 654, 657, 658, 661"
3qg6_optmaven,C,"C:  3, 4, 5, 6, 7, 8"
3rkd_optmaven,A,"A:  476, 477, 479, 484, 485, 496, 497, 498, 499, 508, 510, 512, 513, 514, 515, 534, 572, 573, 574, 575, 576, 577, 578, 592"
5gzn_contacts,,
5gzn_interaction,,
5gzn_optmaven,A,"A:  46, 47, 52, 136, 138, 140, 156, 158, 159, 166, 168, 276, 277, 278, 279, 280, 281, 283"
5gzo_contacts,,
